Titulo,Assunto,URL
Opencv Tutorial Python,opencv python,https://www.geeksforgeeks.org/opencv-python-tutorial/
Cartooning an image using opencv python,opencv python,https://www.geeksforgeeks.org/cartooning-an-image-using-opencv-python/
Python Play Video using opencv,video opencv python,https://www.geeksforgeeks.org/python-play-a-video-using-opencv/
Python Opencv Video From camera,camera opencv python ,https://www.geeksforgeeks.org/python-opencv-capture-video-from-camera/
Learn OPencv Python Edge detection,python opencv edge,https://learnopencv.com/edge-detection-using-opencv/
Opencv Doc Canny Edge Detection,opencv canny python,https://opencv24-python-tutorials.readthedocs.io/en/latest/py_tutorials/py_imgproc/py_canny/py_canny.html
Create Negative or Invert Image with Python Opencv,image opencv python,https://www.life2coding.com/how-to-create-negative-invert-image-using-opencv-python/
Borders Opencv Python Implementation,opencv python,https://medium.com/@elvisdias/lets-work-with-borders-opencv-implementation-in-python-b37c3d87c73a
Creating Pointillism Paiting with Python and Opencv,opencv python painting,https://medium.com/hackernoon/https-medium-com-matteoronchetti-pointillism-with-python-and-opencv-f4274e6bbb7b
Pointillism Repo Github Code,github python pointillism,https://github.com/matteo-ronchetti/Pointillism
Change the contrast and brightness of an image using opencv in python,opencv python contrast image,https://www.tutorialspoint.com/how-to-change-the-contrast-and-brightness-of-an-image-using-opencv-in-python